<?xml version="1.0" encoding="UTF-8"?>
<project-private xmlns="http://www.netbeans.org/ns/project-private/1">
    <editor-bookmarks xmlns="http://www.netbeans.org/ns/editor-bookmarks/2" lastBookmarkId="0"/>
    <open-files xmlns="http://www.netbeans.org/ns/projectui-open-files/2">
        <group>
            <file>file:/D:/Raven/youtube/ui%20design/ui-dashboard%20002/working%20project/Part%201/ui-dashboard-002/src/com/raven/form/Form_2.java</file>
            <file>file:/D:/Raven/youtube/ui%20design/ui-dashboard%20002/working%20project/Part%201/ui-dashboard-002/src/com/raven/main/Main.java</file>
            <file>file:/D:/Raven/youtube/ui%20design/ui-dashboard%20002/working%20project/Part%201/ui-dashboard-002/src/com/raven/form/MainForm.java</file>
        </group>
    </open-files>
</project-private>
